episode,episode_reward
1,-0.219769411712603
2,0.5423987632060996
3,-1.0874110824295316
4,0.5015932536813804
5,0.008403159553660288
6,0.012220358215489687
7,-0.3854483615103722
8,1.3065583125791354
9,0.9625195837151871
10,-0.2400739755380991
11,2.744720358290122
12,0.33103255214423244
13,-1.8833433302964362
14,0.5859933168829645
15,-0.09574509101814214
16,-0.05249712728983232
17,0.7688968234373863
18,1.197677017605348
19,-0.33801058278557716
20,0.021931792729407682
21,0.4863171748757128
22,-0.6424694180890858
23,0.7652205774821194
24,1.9771905369984162
25,3.6204683721258513
26,0.47133876493052296
27,-0.1234728268404442
28,2.009579569335576
29,3.031124305285353
30,0.03885215292262792
31,0.049107720235637684
32,0.6058813775898596
33,1.9950418981112814
34,1.1309624204288755
35,0.09321361564119585
36,4.231466061927793
37,0.1337777700820702
38,1.3413086018095144
39,-0.17261406027074655
40,4.78358246307982
41,4.721249686780091
42,6.582616389854688
43,3.322017438075434
44,1.463870583105638
45,1.5622425274030953
46,0.5969379395699067
47,2.1832436200605856
48,5.235246013709055
49,5.1261180738532595
50,1.2819800627696307
51,1.1735608170348484
52,-0.11221785320661276
53,0.49745271571744565
54,3.7582052611424963
55,0.5382552014057871
56,0.5475662726395671
57,2.3255214831180764
58,3.86426041079822
59,0.7580144297679718
60,0.5298898995496191
61,2.0784064770135773
62,5.68488750995345
63,0.9823942703920333
64,2.2223644549335715
65,0.05024581490055175
66,-0.032067089251916266
67,3.011096754685866
68,2.389401392165604
69,0.10229963563330752
70,0.7787250688226702
71,0.564600357281382
72,0.9435946035731555
73,2.98872302617796
74,0.9170931656910041
75,0.24885802070265878
76,0.9523632152556853
77,0.8689755373371902
78,0.7463455055665009
79,1.141240251548938
80,3.581401353240526
81,-0.22168075392847816
82,5.358579961471587
83,1.8311767902333838
84,0.709796736854889
85,1.324344661005608
86,4.058137520942035
87,3.0441083387931256
88,5.752945537122388
89,1.4228557116784981
90,5.301394741574648
91,1.7293645848092347
92,5.279507356944819
93,1.691704382115892
94,3.000012494880894
95,1.787391681747458
96,4.48388301272288
97,1.5235182862455399
98,4.525382100282398
99,1.3761512811111312
100,-0.2861150118579869
101,2.8700797367264776
102,0.773047019168417
103,1.5094615242555158
104,5.797271825608469
105,0.0596340713715936
106,0.5430437867677438
107,0.8504607536109206
108,1.6374629870279538
109,7.4220108374882905
110,6.9664265417593745
111,6.251843471032959
112,1.022318726557857
113,0.6400808629976167
114,4.42505045569063
115,0.20327665510667842
116,1.0481768706450894
117,5.468915477687415
118,0.405141363180284
119,3.156059330481554
120,2.1463804145384735
121,2.044614456680849
122,3.606761942461559
123,3.52667682686316
124,4.193813508549871
125,6.684487647938946
126,1.6298543533194503
127,5.820024028470478
128,5.2054883661342615
129,4.715522152644172
130,1.300958905886526
131,5.163820644920688
132,1.5482272061515794
133,7.73558126531152
134,1.1080765067504776
135,6.384486472554902
136,3.6923460142908517
137,3.2437932454139413
138,1.0860111222380429
139,7.144176263334175
140,5.333702170477751
141,4.194333909792209
142,1.570325703308198
143,0.836856429133926
144,0.3022889393334225
145,3.835362761989572
146,1.7952399103773113
147,1.6344369965206909
148,1.1429229314944962
149,0.5797763065658784
150,4.635972529185299
151,5.407818050158594
152,6.609349072559905
153,1.3975681388601433
154,1.2296442427468557
155,6.431666657855528
156,1.3832083305559888
157,1.422346528277903
158,0.00251549140308875
159,0.8699859732302939
160,1.362869502108151
161,1.0756940778107416
162,8.360796107364571
163,2.7866073783190943
164,1.9325901912225243
165,0.3370732329908309
166,6.328054166480613
167,8.375525731649741
168,1.3960946464713042
169,0.9626785855562305
170,0.16698927827592241
171,1.2591217943503872
172,0.05664225155412013
173,5.639563593176644
174,5.282605076115564
175,7.808432792936452
176,3.1702268882913955
177,1.0981817135379126
178,6.410110191987709
179,1.382260515527503
180,1.1577211053738348
181,1.1533894328757297
182,5.8237958751843495
183,4.895245540132833
184,6.915028870573139
185,1.4466172982829402
186,7.593601420167925
187,2.516077708317399
188,3.096208813876958
189,1.1891922573682712
190,6.857197707331492
191,0.44154789384608073
192,2.3131575473973798
193,8.36658808766508
194,2.6386106856102916
195,7.708595530439505
196,7.400726100041355
197,6.081412287782918
198,6.291926074193908
199,2.0231528897715747
200,8.168716915532169
201,6.753333736227926
202,5.450537080620467
203,4.840296017819873
204,7.061633817099601
205,0.9986607198579805
206,2.094641695238306
207,6.986033810992672
208,1.4230818230344826
209,0.4040008546252205
210,5.751511752538689
211,3.064867836419616
212,1.1395043931128115
213,1.415699831624573
214,2.2936358021952663
215,7.308573836404693
216,1.8206092029097465
217,0.9856905449622468
218,8.582867059192571
219,2.0395085344994333
220,8.457207717453631
221,5.279506614833485
222,0.7358222917118731
223,7.927876706067101
224,1.3884325876775916
225,3.537678233487352
226,7.282581785609428
227,6.213083381665119
228,3.8873367221320816
229,5.213955645788495
230,0.5286392822424982
231,1.1277433371499728
232,2.1083707599179617
233,1.2387298150449135
234,5.06243871520947
235,0.6247198582347613
236,2.287198479422405
237,4.021790489804403
238,1.6090702983385314
239,1.9438244125671031
240,6.656035130576244
241,1.1462948237437687
242,1.3867529044744824
243,8.38486511097702
244,0.9206602598389528
245,5.418670748304481
246,1.155954342660758
247,6.656255456590329
248,1.3023476713964943
249,0.2802227242042215
250,5.151477704225206
251,0.4788306192219416
252,0.5328170220649865
253,1.3933224246559588
254,0.4796987795169772
255,1.2284150293747875
256,2.561370606496588
257,5.452285067717004
258,0.12558076016539288
259,1.015619644495134
260,6.51024070299082
261,1.231093407454327
262,7.993328167298131
263,0.6705219786184596
264,5.370971240565107
265,8.006861555963665
266,5.370706727690478
267,3.8083787347160754
268,0.78825493972094
269,1.4860108897287154
270,0.11120849234336187
271,0.598494039693817
272,2.189480179247369
273,6.102317673177556
274,0.20725607363610077
275,1.2339231780930973
276,0.813629000066747
277,7.696174094615489
278,0.959563287698625
279,1.7472883561807149
280,0.22911221428759906
281,6.2137578703502205
282,2.0490823628215256
283,0.10491607383860449
284,1.4123497879823583
285,1.640529253349163
286,1.3774614643560978
287,8.278101041239369
288,1.5746237746204075
289,0.2566029978721783
290,1.4567637982759782
291,0.7024519083315193
292,5.165398618587717
293,0.8545098057372051
294,2.11506930216168
295,1.311420911341353
296,2.2151570090557704
297,0.008574588122931248
298,-0.2786547337863227
299,8.900103389923117
300,8.554801277970832
301,-0.24297885533067165
302,1.3147858825562577
303,1.1395191932513826
304,2.9352114795245097
305,7.708387246907547
306,1.6222507131106174
307,7.80404009227727
308,1.412799681936862
309,3.6498873732699555
310,1.160236044921526
311,1.13238734073207
312,8.629382073103438
313,2.429438198108963
314,0.012767310621393328
315,5.09418402083946
316,8.886184397840458
317,2.232155683757503
318,8.215531151056245
319,9.43112630366941
320,8.56057026114258
321,0.38646724170838204
322,3.284963722156328
323,0.36987733090386915
324,-0.1837146264965529
325,9.3154159447714
326,6.502429678028189
327,6.835441979368766
328,1.4478604428426225
329,8.214937795638779
330,3.848440145185776
331,3.7360036515574357
332,8.440655986101074
333,0.4736314061866763
334,2.0729282523851555
335,5.859088038003368
336,8.190589650717369
337,8.714950455488522
338,3.5752035133298827
339,8.494772210529835
340,0.1027031356305085
341,1.5424241388422635
342,1.1317459285085179
343,7.389825945627611
344,1.4976140838587562
345,1.4384068570717632
346,1.7520859220420326
347,1.2054426448477629
348,5.860452913648806
349,1.370180318134613
350,6.727086871308301
351,7.964397643094759
352,1.2759000921014023
353,2.167774147143617
354,6.363328248100844
355,7.7697790995499885
356,7.771488501682733
357,9.382727777505421
358,7.550595109854602
359,1.6615779955069474
360,8.760316818376834
361,8.272924860849972
362,6.248081177912201
363,1.072270631818038
364,6.445323846094333
365,1.4087041486695786
366,0.9157246642590936
367,0.6748974744661912
368,1.6785241898136656
369,1.1962123683201131
370,6.7906136753002055
371,1.2044366903278383
372,6.6122552608994205
373,1.5010068565162087
374,5.129858633809066
375,1.3059998130728157
376,2.3805921378355164
377,7.069378572657552
378,5.228332576253166
379,0.6015227814389634
380,1.5243499754282819
381,2.0198868546551947
382,1.2251126383665232
383,1.2670256192638991
384,-0.22141432280914924
385,5.495310588219186
386,1.1745752271636782
387,0.1400327949754386
388,0.5404753040622259
389,7.911175796584854
390,8.562334085350917
391,1.4893884797846815
392,8.035973236554256
393,8.612730960639594
394,7.153306991851905
395,3.868760398934673
396,7.00132798918299
397,2.3894967356366204
398,0.6042219440264294
399,3.1890992810426355
400,3.0394575407365947
401,1.3297884565923541
402,8.273343942615558
403,1.0882898481446186
404,0.45972909416123064
405,2.3105705247496835
406,8.921284901636144
407,6.528681069469428
408,-0.2843543872270037
409,9.933617485665613
410,4.926019341134364
411,8.566110824396397
412,1.3232537949271712
413,8.637500682869755
414,0.9309019257447444
415,1.2469774956440884
416,1.0160001886722227
417,1.8795316996516034
418,0.9547521414133523
419,6.523816802523849
420,9.029975931305422
421,8.340739733333303
422,1.0949898731675594
423,1.1694733727034547
424,1.178769086460635
425,0.9838107554140866
426,0.20711517621675418
427,-0.7076814706503306
428,7.498889301245305
429,0.7561768464633528
430,1.2080611315080498
431,1.379717224101732
432,1.5719072273144326
433,1.8371890417332748
434,7.69215648260567
435,5.033478244461235
436,1.3122891067068467
437,8.213135289393389
438,8.64621932213378
439,3.671876808016067
440,-0.463188262778627
441,1.1017519251747572
442,8.346902243483429
443,8.089455625283255
444,1.6060896647321103
445,3.9401208987369483
446,8.88977901107692
447,8.804216017329901
448,1.8044709058036856
449,0.9266234983143773
450,8.855239817487943
451,8.634222521038343
452,3.6505214648827633
453,-0.16352899179118532
454,1.1705848003951227
455,1.2098521598590672
456,1.4312427131095236
457,8.279493540306168
458,8.599849914199376
459,8.20634906423875
460,1.1091602852874916
461,1.362594285366294
462,7.84497984374362
463,6.461545979404893
464,3.6146153166328197
465,8.599775451452551
466,1.4820613296670468
467,9.066302132864667
468,1.3789591847048772
469,9.009184078078498
470,0.5659321016036619
471,9.04997020102323
472,7.402604761383017
473,0.976290583160459
474,1.3028959178381836
475,3.425687202147153
476,1.0232428455357618
477,7.111099343773199
478,1.029768562326363
479,1.1648969003589698
480,1.3075989306404077
481,1.205343626156357
482,0.08703579799495662
483,8.989198693469616
484,3.152037348185708
485,8.353591658153574
486,-0.2886262573214365
487,1.309543473696431
488,1.1861794935331493
489,2.584122728319616
490,6.303632136501753
491,3.866368067652012
492,8.256476713569835
493,1.4449035278585225
494,7.740035318780433
495,1.5236654850813511
496,0.873445566599862
497,1.5409366085977758
498,1.4136559588444062
499,1.2002643028827498
500,9.043180191342763
501,6.734799086555523
502,1.1891602199988651
503,0.8016122880651813
504,1.2396641608138597
505,0.8707534782142126
506,1.4501205082115383
507,1.1160338147553934
508,8.228528995827588
509,1.2659986105909964
510,-0.30592535044535635
511,5.843495288661469
512,7.762064560541059
513,1.2243024143105907
514,1.2886046324819196
515,4.057322384045056
516,1.7945967513208403
517,0.7960769720932572
518,6.371118422253222
519,1.1829352487534242
520,0.8389750897876791
521,1.3174283559466717
522,-0.046130810979601714
523,8.015681313883453
524,4.850155736250197
525,1.212291364854652
526,8.65938884257541
527,1.2074875664423275
528,1.017600271702629
529,9.189918232660451
530,3.306886881858419
531,7.670409435852706
532,1.1252823568629846
533,7.146960545811254
534,0.29865284694778
535,1.8851974685362112
536,6.56625547071707
537,9.186043700602482
538,1.2297313116607635
539,0.4760750287287931
540,8.266482098764014
541,1.4717433069563757
542,1.1733994304485509
543,0.09158993730848644
544,6.547839234650134
545,8.46077701323135
546,0.6138955460219588
547,1.6616605310523171
548,2.656587450577954
549,-0.3410842776379441
550,1.127127247272529
551,5.667114255578862
552,4.22395676186834
553,8.12246155158341
554,8.964102047881628
555,7.1908631915790915
556,0.5583382174395252
557,7.230175632120326
558,1.1683871318354138
559,0.915504218180268
560,1.023855770601729
561,-0.2795175257025487
562,0.8614175589265334
563,1.1199655830905901
564,7.911692581644414
565,5.90912801193097
566,2.165885585487996
567,8.092269352313368
568,2.128852593642965
569,6.346386616500374
570,7.021950890517495
571,1.6062762112635727
572,8.30970257004935
573,6.597060394593955
574,0.7263191878781279
575,7.369026217354978
576,1.191696981360797
577,1.2202389203497293
578,6.959210253183825
579,1.1683535802271081
580,1.7669413838196844
581,8.335925260093822
582,1.3160407006317993
583,1.886953404486347
584,6.929622016404867
585,7.224549724838865
586,0.40676378773651856
587,8.696940448793985
588,0.9203641628719762
589,1.1661294920562217
590,1.7290327247107824
591,5.817431480700637
592,1.02586921784986
593,7.780905424143945
594,0.9868559811193749
595,1.0019355996809456
596,7.66557775285918
597,6.989076220142333
598,8.97805182113668
599,7.708552626818954
600,1.210231006916543
601,2.1586797606602195
602,1.4064245077786146
603,0.6337865471814318
604,3.6642244297371183
605,-0.046971129353133634
606,0.09824765239120212
607,6.131241313104458
608,6.460448999238921
609,7.913347638410584
610,2.2256892403281525
611,1.4204225810288678
612,1.0021688996100617
613,1.1905841105721648
614,-0.17534583401860085
615,1.5265500955542677
616,1.368895210269846
617,6.973105913744785
618,0.6721543132663775
619,-0.012652170217850508
620,1.2441703510849247
621,8.170446876061895
622,6.0775390143363035
623,7.13035870144376
624,7.351121883155648
625,2.604125525146274
626,3.568134607035666
627,7.730128525046011
628,0.9375406148155705
629,1.2244268488165206
630,6.915321615556477
631,7.489914594813465
632,7.289550383517284
633,8.510508407041668
634,-0.018527046578336148
635,0.700791847593085
636,5.432006032460079
637,7.865568644117582
638,9.329945891290372
639,7.767835865901232
640,9.0471643078195
641,7.116587081136253
642,0.9821843252530932
643,7.4708293484166415
644,9.174922303201063
645,7.1831283680188625
646,0.2140580171191937
647,1.2859285589284197
648,7.894851738047655
649,1.2739468429769998
650,4.190315987291965
651,8.327457911499657
652,7.419841400385989
653,0.5398015259394945
654,2.0015439748481687
655,8.549106862583637
656,5.927830845483966
657,8.854106533710304
658,0.8493995875034606
659,0.21099404174452352
660,0.308205842609065
661,8.86347551591835
662,6.462833655464568
663,1.2278451595319633
664,5.877632854502156
665,0.7759511678428184
666,1.1186679105387685
667,6.5200565321797
668,1.108489244507397
669,1.050120684188081
670,0.6225423119337898
671,1.602085106088968
672,9.244282174545766
673,1.4613552968355106
674,1.202725983158719
675,-0.11503960613545935
676,8.030868310925548
677,1.59059823052818
678,8.246495525351031
679,2.5368675490481087
680,1.4796849439537243
681,9.302555672049838
682,1.1775132703549014
683,0.2341377728336146
684,-0.35125219717499007
685,0.4481677735681759
686,9.064774024399764
687,0.9975108361883467
688,0.4379349108351594
689,5.181598047367821
690,0.4710824455521223
691,6.325060803854617
692,0.7734062565503229
693,1.5037620789448958
694,0.8356186294987505
695,1.2190871693453902
696,4.674384123306546
697,8.859631899836993
698,1.3785608994084309
699,1.6346045870348023
700,1.7617588015811982
701,2.345631677038839
702,8.867433135799674
703,9.080996443071832
704,2.8086385220494265
705,-0.020751396891487413
706,3.419738377473342
707,1.549430606454732
708,1.6312672714468621
709,7.952275000823658
710,1.4203088319893795
711,1.1614196840157125
712,1.5106739328879002
713,1.7262433714228635
714,3.435201509113409
715,4.543952113729913
716,8.594934867029364
717,8.58628620377905
718,1.0483622005710789
719,8.2564299852377
720,0.7481939728769404
721,7.117309462624206
722,8.434034644680903
723,8.46717775623775
724,7.575482093544411
725,1.174284000335891
726,8.196955389611968
727,2.971882162444177
728,5.570475631609307
729,2.8730629497152544
730,0.5417957458845606
731,7.003478842663842
732,6.623013724335531
733,8.905468214788238
734,7.957308291854819
735,7.470459283230127
736,6.220657721107697
737,9.113180236276667
738,7.727718473165688
739,8.873200658548926
740,0.8138284555115072
741,6.317162251928372
742,4.634398334782807
743,8.271950936602442
744,0.4258825638146856
745,6.057163560778816
746,3.31332830678412
747,2.8446464949855637
748,0.013732589085098348
749,0.28441482811481933
750,6.690330799710922
751,3.9339190556488495
752,7.701216623144526
753,8.543222872084993
754,1.0731730079460167
755,5.054591176573964
756,1.8111732692071423
757,2.525591936206777
758,0.24896507935254936
759,2.06605370884343
760,1.448374239984129
761,7.365499198073071
762,1.0397477491072988
763,0.8605918093949665
764,1.6333592117893105
765,3.4912015128599836
766,7.996290203355704
767,1.3183391990331574
768,0.5596796667955295
769,0.5685757277405173
770,8.031050180971159
771,1.4466030293019898
772,0.5582489049273066
773,8.62026716264215
774,1.001676461907208
775,8.698283957950954
776,5.780735012930647
777,8.577975375500246
778,6.683831770741604
779,0.7794537216780703
780,9.21351063185828
781,-0.22490649874655863
782,7.417217552882667
783,1.843747066583103
784,7.520158666549279
785,0.2650954359578916
786,1.5022556011518826
787,6.671644989434895
788,1.203547636927983
789,1.032354312668202
790,8.052261437152534
791,0.4670544971648549
792,8.06126317350269
793,7.387056021910849
794,1.2089151812446157
795,1.2766054753362344
796,1.1215835619353334
797,8.058290876916645
798,0.7933643357695753
799,7.412170832719942
800,1.070994208868119
801,9.166936695307704
802,1.3510322538802393
803,1.1610293060644767
804,1.0062309838021875
805,0.7788589482455757
806,0.6204300607594183
807,7.743469163071885
808,1.0878897453060745
809,1.0520254360370187
810,1.2083613678022567
811,1.1906668005478498
812,-0.047961740489621915
813,6.952400216078675
814,1.1208468292038354
815,7.875307181253435
816,1.1509704558459972
817,0.03400025555804567
818,7.668402306776166
819,7.013746489180898
820,7.639271717268251
821,6.804483771600718
822,5.007576973877143
823,0.5507920529047042
824,6.493869610929188
825,3.500983874999771
826,1.0573514603515801
827,3.2549297395399357
828,6.788645353999432
829,0.17968787124167124
830,7.238921458628468
831,1.0242233842883175
832,2.996442551193379
833,8.422837443346364
834,1.703983298810017
835,9.03611209748147
836,5.164999609166136
837,1.3836676168407052
838,9.549688042483794
839,1.347808016045359
840,1.2526066520575168
841,7.2753052484525895
842,1.8850681911225227
843,1.4841747138180614
844,6.100330018891015
845,7.156271359478406
846,7.513247626252802
847,1.3183738062356862
848,0.6202172990646295
849,9.125602394284577
850,7.78008795037643
851,3.3228315367068633
852,1.9006263709335363
853,2.2357445985482443
854,1.9942328035821921
855,0.8251321578944164
856,0.9198917687063101
857,2.9892344903472177
858,3.397386959459178
859,7.21500392091723
860,9.03192315816653
861,9.008558267192239
862,9.519400236120655
863,4.142303866605943
864,8.517888502788216
865,1.410333916951499
866,8.299330416239172
867,-0.3733583708465603
868,7.4920600854698804
869,8.949697084175563
870,1.899071674755808
871,1.3087184016395392
872,7.608725193238465
873,8.045910261625462
874,6.495537982139446
875,8.11852856958968
876,8.931666952623994
877,1.2225565676868408
878,2.8567333578908496
879,1.49809991501892
880,8.598701357295862
881,8.77965298059127
882,9.38867567844899
883,1.1284852633487745
884,8.219014523353168
885,6.098858019180793
886,0.533700348122596
887,1.2964824272973903
888,0.6317403602509472
889,6.273726665830863
890,1.1213012195296663
891,8.737457078056805
892,8.152072386423152
893,8.798998223431823
894,8.171347844381067
895,8.086565199005902
896,1.0295899442597138
897,0.7559620121948738
898,5.70045309789584
899,1.3919325801649456
900,6.375233833349366
901,7.984719077576991
902,1.451192144099252
903,7.680946462098213
904,2.5310436229416657
905,-0.03815264280883943
906,7.026697994163409
907,1.4796932648389785
908,8.100465160745516
909,6.202010374086182
910,1.631818418601839
911,7.797144396826174
912,8.612013190141738
913,0.436817208728981
914,2.1053345463527493
915,4.5444098417876875
916,1.519237670847251
917,1.0718764481648233
918,1.1561828017642388
919,1.0251790229646962
920,0.768178999662135
921,0.5919733175226524
922,0.8261092994253892
923,1.9713682450836854
924,8.889125126467071
925,1.0401712535769763
926,0.6381605644794127
927,1.320541484675684
928,1.3915097931477776
929,0.8331878100218297
930,1.1194441168471887
931,1.2153319575927517
932,5.310870315746674
933,7.591958859223882
934,1.389400658763333
935,5.526999382906636
936,1.2103649836838895
937,7.7249314420497335
938,0.7855688484070882
939,2.525116430358116
940,8.515031350502705
941,1.3444242789523877
942,1.5456577907297753
943,8.273314697237874
944,3.107276592363525
945,1.2512691991607554
946,0.30923672855424855
947,6.468237858365215
948,8.876181119289692
949,1.6717915411338036
950,-0.2119252891654706
951,3.4173839694370765
952,8.373548901011558
953,6.920390419087513
954,9.215598953688518
955,8.294688551404912
956,8.053410559966007
957,6.682750470099986
958,0.822828498834169
959,8.308537124583736
960,3.9317233141531673
961,1.3469441347927407
962,9.089578983926032
963,1.5298382120050524
964,1.6497621319025806
965,0.31568406071945465
966,1.381214031766684
967,8.946604286724188
968,8.40373770850123
969,0.9767827590275358
970,9.423569560406964
971,0.9693844542224602
972,3.159037722456561
973,3.9468825933611478
974,5.775981527079151
975,7.148261255279631
976,8.029114528417832
977,1.1292652407407933
978,8.065189706419854
979,1.0816676165199013
980,7.871185132837422
981,1.4104897002904435
982,3.7257098906726975
983,9.430437444387557
984,4.581253045103034
985,4.659692087665484
986,3.8364960767321725
987,3.377022243428968
988,1.7361430584756015
989,7.044961395389206
990,1.442844703209538
991,4.141847373005502
992,4.336486454035025
993,0.7788372984167214
994,1.581411185253975
995,1.434707475356942
996,1.7120511822515005
997,1.8619591406732734
998,0.709950365643806
999,7.007786583209005
1000,9.26802974308577
1001,8.767991053401381
1002,1.3912252108149097
1003,9.144837532091568
1004,-0.13691406027073885
1005,0.9611648051760479
1006,9.461844004842337
1007,8.667741981338152
1008,1.0456846597587943
1009,0.601940766987913
1010,6.041654321238028
1011,1.2534976344875461
1012,1.0021455240133992
1013,2.0751873101059592
1014,8.141450986711892
1015,7.550814641052977
1016,6.6323781761467835
1017,5.849774301670312
1018,0.5281559045569781
1019,9.008067179285568
1020,7.706677695308463
1021,1.6839604275255886
1022,6.6485912185381455
1023,7.114805394303031
1024,8.968213717467366
1025,-0.006364800528116308
1026,0.4282661933874614
1027,2.802710213975189
1028,0.6495922647125413
1029,9.727167417959143
1030,8.97334534662711
1031,1.7032579727533257
1032,1.6604387824095694
1033,8.234654087575855
1034,1.7015535395436445
1035,9.153460846203204
1036,8.235175906652575
1037,0.4865650211945309
1038,4.272957014664379
1039,4.145863212623987
1040,3.7656303403876286
1041,2.0886858868027014
1042,1.557183019832469
1043,4.123013656326745
1044,8.689808351282592
1045,1.4604065735447795
1046,0.5970234812876866
1047,1.3877596702002688
1048,0.8781962926120018
1049,3.9594765469613162
1050,7.015302295115912
1051,7.66174152704978
1052,6.991218778775402
1053,-0.3464473662669094
1054,3.1902283441338857
1055,0.6575099113940271
1056,1.734415153655586
1057,1.140020290067237
1058,1.3430988708174272
1059,1.4665732726285299
1060,1.9962938776939216
1061,1.1904398064942054
1062,7.828983628009605
1063,9.329928905508211
1064,1.477007451773455
1065,7.914956166719699
1066,7.88843613269502
1067,4.0288254314170615
1068,8.764910884917928
1069,6.782677566732992
1070,1.1316625624280925
1071,6.5320903056467055
1072,1.098542233429576
1073,0.06667857373571939
1074,0.9682826768998892
1075,7.28178884169511
1076,8.192507222243833
1077,8.116164319970125
1078,6.262442114069886
1079,1.2795895050322401
1080,6.674360387030461
1081,1.2287221021336105
1082,6.740429793279266
1083,3.465587318331721
1084,0.789706030715615
1085,0.7292270488002722
1086,3.5268279343545927
1087,7.958103950865909
1088,4.062984158073881
1089,1.9680215505213348
1090,7.041763741540811
1091,9.665985719218378
1092,8.642771143978923
1093,7.523985018214908
1094,1.978904797647603
1095,7.908765560266299
1096,1.7191797819346348
1097,0.6537599648603344
1098,5.369747263753834
1099,9.701801627724398
1100,1.0644423172205701
1101,1.0829975309341071
1102,2.361395216527108
1103,0.7296111320651026
1104,0.7850791254788323
1105,0.4199720073426282
1106,-0.2573464442951958
1107,8.599237999057761
1108,6.682978695529685
1109,8.722533322157908
1110,6.535306141445397
1111,0.22077261541815588
1112,1.0760581049834441
1113,1.8733615975190419
1114,1.6195065610296173
1115,1.0033130361200864
1116,9.401851191757904
1117,1.1084682229836018
1118,1.508113833962433
1119,1.9418339186692113
1120,7.7707943184325545
1121,5.197184883106735
1122,1.6289354999091625
1123,8.242342802379069
1124,0.29252258017561616
1125,1.4980954702161633
1126,1.85892543680874
1127,6.831052580537492
1128,3.4581999943957125
1129,7.306622355546765
1130,7.854129016302757
1131,1.4543448282427462
1132,7.800302139547702
1133,2.7584986317130205
1134,1.0234350310741374
1135,4.313077181133761
1136,1.438398423181805
1137,1.1067110455370428
1138,1.2797770347684014
1139,6.305785503707859
1140,0.5498705383961717
1141,1.2233902004474722
1142,0.6192530055158881
1143,8.585321060548157
1144,9.18953942714409
1145,0.5630841358544975
1146,0.960424397206835
1147,1.40689640237102
1148,3.9335834070447855
1149,0.3740856728089559
1150,0.3315014326424517
1151,3.7351625404556037
1152,6.137691244546169
1153,8.752601093011778
1154,3.880699819948832
1155,-0.20575978332800482
1156,3.602175776011459
1157,4.017672069600123
1158,8.778649632567328
1159,7.148144789155427
1160,8.284415961038716
1161,7.168689234545924
1162,8.272223979921737
1163,0.36293172875485535
1164,1.1110502965673725
1165,4.529798217414952
1166,7.697622202282075
1167,1.559983394770706
1168,0.8865840388796697
1169,7.855813543185229
1170,0.22006232751116941
1171,0.12603690757713062
1172,1.764753951771696
1173,1.2283131654262844
1174,1.2129898757575004
1175,1.285868444905486
1176,1.5318523207208565
1177,7.347646764774272
1178,2.457885019582204
1179,0.7924388531424209
1180,0.7882572022513074
1181,0.260766482870529
1182,0.6677673552936801
1183,1.8153204874114521
1184,-0.36119320703567126
1185,8.804376568481244
1186,7.555573634932509
1187,1.1191173573197473
1188,1.1588452689041158
1189,1.4039367989808118
1190,1.195732891580344
1191,1.081499555590969
1192,7.74418304388285
1193,1.757857493837888
1194,6.997591811858306
1195,8.466026096765992
1196,3.784111799992087
1197,5.645743892933737
1198,1.3099787347010852
1199,8.623892936169335
1200,1.424659179467554
1201,1.001779625250084
1202,1.4179083685300844
1203,7.34821525375709
1204,6.796971352086086
1205,7.455863096521017
1206,7.881371905690289
1207,0.9454232680540068
1208,3.7006228429972845
1209,7.807655264418773
1210,8.800610757142039
1211,1.263701513491254
1212,2.361340598929411
1213,2.8098691766723194
1214,1.5691792179927078
1215,0.24158830824887353
1216,-0.39551474289729205
1217,7.797207994061732
1218,4.1059638251550306
1219,6.652135789197456
1220,6.179035735547177
1221,3.4288073172531948
1222,7.513875865180709
1223,1.404912198389234
1224,8.505446500835955
1225,4.142746160183961
1226,6.0754807109197975
1227,1.3804937836209337
1228,1.0734429462537205
1229,1.5018751945141366
1230,8.708578819525943
1231,8.477905846995013
1232,1.1950754264347112
1233,1.7943106159223094
1234,1.50328075931035
1235,9.30476689247743
1236,8.073773459835651
1237,0.265663068179298
1238,8.11856855878361
1239,0.2259534828242349
1240,1.5586867460156977
1241,6.226887049143873
1242,0.9195458502281538
1243,0.4676569025619353
1244,2.199952943914922
1245,1.3270793624812027
1246,-0.5248344192945421
1247,1.4406576452545248
1248,2.5173494805334027
1249,0.9062910427996246
1250,5.322508866134871
1251,1.4639207403265464
1252,1.2151899087954992
1253,0.5067679024894487
1254,6.430707900630519
1255,1.196876366608892
1256,8.59337222721816
1257,0.12445251071716897
1258,1.313182196974795
1259,0.18059363678206125
1260,1.3234014549612216
1261,3.705171773982431
1262,7.18552661511627
1263,3.983189158474918
1264,2.885264489004389
1265,1.1898110484553859
1266,4.521871046545239
1267,8.31977034407062
1268,1.689395272982711
1269,5.796061180131458
1270,0.14176807153052365
1271,8.197069382613183
1272,0.004588868011073316
1273,1.54927811478509
1274,6.46940369286177
1275,3.9766750737023235
1276,1.067761174062219
1277,2.1714820419007492
1278,1.580851328959066
1279,2.2532611800670286
1280,0.9690528192686865
1281,-0.13382835934067316
1282,0.0007884755344861657
1283,7.965902497180878
1284,1.2328554882681684
1285,1.6776334824203605
1286,5.331222862979021
1287,1.4607135703954977
1288,0.6903887540828029
1289,0.8233681325187115
1290,0.8970929727394482
1291,1.2973501573440727
1292,0.3594354775767511
1293,1.9280733217456973
1294,1.3300775858744864
1295,3.135946257142114
1296,1.827289152425406
1297,6.77137835481325
1298,0.13305472660169426
1299,0.8851698279572369
1300,1.112539101606862
1301,6.9843691218511275
1302,-0.031260082560941115
1303,7.273427510660872
1304,1.3767989190190333
1305,1.2876637030640643
1306,7.941106918624878
1307,5.686028364061579
1308,0.8335527366705315
1309,1.4371928691788993
1310,7.642070801593826
1311,5.861708412558768
1312,6.320271094007264
1313,1.4204019078611319
1314,3.1547416052504333
1315,1.6756055793073994
1316,1.175130244305426
1317,8.820064419084078
1318,1.1415816608111196
1319,7.977685494366694
1320,1.3351671635376907
1321,6.147144571399164
1322,-0.3177045115239212
1323,0.43857915513826345
1324,0.8646809606156638
1325,8.7256009385028
1326,8.801488294483898
1327,2.9227064487785057
1328,8.958669590425902
1329,6.639602954871693
1330,8.4392421346689
1331,1.4476878614721533
1332,0.9508537666174599
1333,0.34931538416145197
1334,1.6808619535232723
1335,8.690252048890194
1336,1.880864998481235
1337,1.3677688320441233
1338,1.2639300648266005
1339,1.3573708748110858
1340,5.304620885559184
1341,1.2340313800653842
1342,9.279059146755545
1343,1.9406639070683172
1344,3.953379511194806
1345,8.105415357116748
1346,5.5402541021654415
1347,1.1782355236075561
1348,6.318899562524045
1349,3.679779647364004
1350,1.427363102196314
1351,0.6317367128548866
1352,0.18074807477861607
1353,0.4770675828617219
1354,7.27037262661876
1355,7.1621882476619865
1356,0.9082878434280658
1357,7.380775386784778
1358,0.3197660352080705
1359,5.115360012520543
1360,1.301208160573207
1361,7.920646947546543
1362,7.261076517508425
1363,0.2359791192207006
1364,7.691117962156953
1365,7.029124467355235
1366,0.044601899670374236
1367,7.609140607764209
1368,1.2917432590325244
1369,8.296377304268029
1370,6.611803829741561
1371,1.4995666416881053
1372,2.065082703294951
1373,1.8702414385253638
1374,-0.24454850360952549
1375,1.8766862516409177
1376,1.6215447433625114
1377,8.098422375400691
1378,0.9136012585416043
1379,0.9303493803186582
1380,6.919286739511116
1381,0.9730793158958333
1382,7.6391736795132
1383,0.9038279937026988
1384,7.77004403616462
1385,3.8002292635233244
1386,3.8241118685654594
1387,7.666218450365761
1388,1.1940546230116449
1389,0.45403943802820057
1390,0.17523597246191405
1391,2.337748510686908
1392,8.021041135530083
1393,0.28901104003208417
1394,0.16593521804161174
1395,1.0774985659955032
1396,0.6487168941955215
1397,2.9604089317027116
1398,0.47511238172044956
1399,0.2597894328057124
1400,1.297774502976826
1401,1.9590628512558967
1402,4.266339470747793
1403,1.345539779352032
1404,6.869220398902684
1405,1.283906486562595
1406,-0.016971452114131483
1407,1.2116204742321461
1408,0.026425425951856867
1409,1.406449608408605
1410,1.0315768514820052
1411,4.666157520088937
1412,9.071441116095976
1413,4.355472872662754
1414,1.469967597905358
1415,1.0778465810869458
1416,8.45647805851684
1417,1.2249935489258104
1418,7.949233785028215
1419,8.229743022870624
1420,1.0891329863806745
1421,0.9948369906768503
1422,1.5186375427475232
1423,1.190510969345567
1424,0.985863659764731
1425,3.387623619659253
1426,6.011000904514461
1427,0.7435959367048259
1428,0.7379059432183933
1429,8.550739155056675
1430,3.822917081181012
1431,1.2876409408221516
1432,8.463995469415106
1433,2.0070884209495854
1434,7.42541782520131
1435,1.5844476966529497
1436,1.2056636429388605
1437,8.028001398486255
1438,1.1868935541766927
1439,9.137417801422087
1440,8.94470400751568
1441,1.718365348529592
1442,2.6692509899830705
1443,4.284178231656162
1444,1.1470989642385783
1445,1.4189061047757618
1446,1.0394309480934285
1447,1.5957651758093572
1448,0.7113916770685922
1449,3.5830508824717175
1450,6.080239804932173
1451,2.1059601714268537
1452,1.8101265276343779
1453,7.335451789476611
1454,2.2139087228258667
1455,6.569935830208754
1456,1.2675544656068263
1457,1.8658125556789873
1458,0.48626227628354324
1459,6.876253136042096
1460,0.5610758970153379
1461,1.1035978852049384
1462,6.291224025655926
1463,4.208365911710332
1464,1.3023178741635644
1465,4.336510304041771
1466,1.2614971681252047
1467,0.5672179132092094
1468,5.329078420610675
1469,1.2268125956561835
1470,6.464852378135983
1471,6.240401472029179
1472,2.0231783835455603
1473,-0.4778501871149928
1474,2.22205982237803
1475,2.6501648239586504
1476,1.0891796804771197
1477,1.880353039470934
1478,0.059111246271225944
1479,1.636691687410473
1480,8.14532780990461
1481,2.054704847275743
1482,3.396164988549432
1483,0.7243072794205344
1484,0.4665225845253184
1485,0.9196668149694203
1486,6.029541428252687
1487,8.576106020645287
1488,-0.08862720280813272
1489,-0.20072543882981145
1490,-0.27657969077098943
1491,1.499223090291168
1492,7.176956158571113
1493,8.837775896073294
1494,1.138663934306233
1495,6.04583350319534
1496,2.5524932688068644
1497,7.571628664402984
1498,0.4802060402871276
1499,8.253968490860117
1500,0.14840391795032715
1501,8.341960503224582
1502,1.9598736314646623
1503,0.9691266583627548
1504,2.5680683057782967
1505,8.553805218173693
1506,6.80970135643154
1507,7.903231749019065
1508,6.79426438048331
1509,8.355581302685708
1510,0.42119996583352304
1511,0.13292835148610505
1512,9.502871337477478
1513,8.261112981736531
1514,9.387785549239167
1515,1.3381823432004976
1516,2.1552781734735826
1517,1.0654130623162028
1518,6.3597705201243455
1519,1.1833099080006242
1520,0.7142832542558075
1521,7.6964181875227515
1522,0.9135631831064905
1523,1.1121419640518015
1524,2.09848796908573
1525,0.9928534127358133
1526,1.6833929801362173
1527,7.714823420618584
1528,8.349560336419591
1529,1.9877733298475193
1530,1.1892197844937913
1531,6.2567075245304515
1532,1.6933061428989553
1533,1.3998933108246465
1534,5.829738212075101
1535,1.0241791531212106
1536,9.155665915811024
1537,1.033159615594292
1538,1.2681567135421612
1539,2.448739138069598
1540,7.507217073829706
1541,8.380673675499668
1542,7.867468947874059
1543,2.0919716529525525
1544,6.570493472183955
1545,8.532808167558388
1546,2.0800770753926976
1547,2.058462482868555
1548,2.1158909681686806
1549,7.0305177827425585
1550,-0.21624125246298928
1551,7.144885305926367
1552,6.725953952575043
1553,5.955223646632019
1554,1.1647397299755824
1555,1.734534717595465
1556,9.660185134462576
1557,2.096267666228506
1558,1.5303017797821137
1559,0.8924370757380018
1560,1.0835286898045693
1561,6.6165431904020675
1562,8.440771986014715
1563,3.8720835838032888
1564,4.631858700283919
1565,0.1336005659776102
1566,1.2755112106108637
1567,2.2149018037929302
1568,0.08912673627458134
1569,9.296334748801678
1570,1.4029688208164088
1571,3.6122883964947845
1572,8.020312977333242
1573,8.9675310211169
1574,1.3300566052464249
1575,0.4769387490397859
1576,4.2729525816595215
1577,0.2599910719234744
1578,8.326995174194952
1579,0.9957444977808297
1580,7.779206987779851
1581,8.758230049340105
1582,1.2481672183549763
1583,1.6051431393993003
1584,1.4885436910133647
1585,3.722592727384188
1586,0.47040868193738
1587,8.78665497601534
1588,9.20863962085944
1589,0.33330080497887243
1590,1.47939881351869
1591,0.6557860737499138
1592,1.0222385596707388
1593,7.49178752225836
1594,0.7623489102653587
1595,2.0034442852765633
1596,1.040651269542559
1597,0.9595090876997492
1598,2.0136020511745443
1599,0.13281083680016198
1600,0.7942528308206596
1601,7.733479673384211
1602,0.3582788649139469
1603,1.993987747402913
1604,1.5039608315237694
1605,1.7346144158367258
1606,1.1384963810323057
1607,9.106440170833313
1608,1.4576903996939155
1609,0.9630876999995651
1610,9.494874863800087
1611,2.2895959600011313
1612,7.05500641764889
1613,1.2505909042226415
1614,8.116908949004724
1615,8.047979220484859
1616,7.093415504945494
1617,3.725348472757988
1618,1.9623277956051897
1619,1.0355629319673334
1620,3.9644959871471883
1621,7.310080690803123
1622,0.8495482474237981
1623,1.4300334194894062
1624,1.0372859576257925
1625,7.061096393498425
1626,7.602835334848365
1627,1.8484088081081593
1628,7.506873884638466
1629,9.414404874537492
1630,5.260821185654026
1631,8.918139120392198
1632,8.54962540410572
1633,-0.03774425748289322
1634,0.5573199355601585
1635,1.4327127175999157
1636,0.4716372107286824
1637,6.81747332511096
1638,1.443543173605787
1639,0.9392691972547456
1640,7.396284890509822
1641,8.778020021611937
1642,0.20977444607537188
1643,8.719590543094913
1644,7.052665153657029
1645,8.027145881224742
1646,8.553957087240676
1647,3.6385993666071434
1648,6.686014455519923
1649,4.027816471628674
1650,3.6383124937143037
1651,0.342523673555055
1652,1.147852985498405
1653,1.6040586154513528
1654,1.6030888792597704
1655,8.160883040609063
1656,1.3553688331759322
1657,3.366804956861164
1658,0.10706129336895248
1659,8.101326335212832
1660,1.1375842315521085
1661,8.865149498046794
1662,0.21626844621053445
1663,3.1987902395013137
1664,1.4522590562031228
1665,7.852565017977209
1666,0.48195013960366984
1667,8.464833923456355
1668,8.619197498975568
1669,1.6918407085490046
1670,2.1611311716586807
1671,1.1156489335486146
1672,9.162704475446509
1673,0.7297638520433444
1674,9.173255249217759
1675,0.8030280221809918
1676,9.018925944280745
1677,9.478924478973537
1678,1.7426344433210783
1679,8.688069795224056
1680,9.084947135133863
1681,9.142758749991103
1682,7.786808059089066
1683,0.5641119409836295
1684,1.0231990875500834
1685,2.2463103214400193
1686,0.832646934444233
1687,7.781125880455758
1688,2.4904990770846362
1689,3.4359119491327825
1690,8.013623609866967
1691,1.066314839896804
1692,1.3422524344403888
1693,8.884306939066938
1694,1.9123746824169454
1695,9.022147288785394
1696,6.994953041716141
1697,0.5847809298029913
1698,1.739484152527088
1699,1.0809460867573815
1700,8.312836225596344
1701,8.608726204422435
1702,0.7458635187927011
1703,0.5740225329528728
1704,1.0726738480130826
1705,8.564780519216306
1706,1.2786334772776144
1707,0.7743316473899892
1708,1.6282594646625332
1709,7.774297508008125
1710,1.8220155968573444
1711,9.326322349555742
1712,1.214161917284385
1713,1.8244018442835044
1714,8.191624146973679
1715,2.305074597209708
1716,1.1908851123448978
1717,2.864916307910577
1718,1.4112828845413385
1719,1.135296730632842
1720,0.6392158729468245
1721,8.802022614741098
1722,7.3706265846121415
1723,0.27526249516592316
1724,0.7785508474992047
1725,8.413565959605704
1726,7.739647744439595
1727,3.595844767320893
1728,9.368041148527938
1729,1.9598125155021062
1730,2.260524245411798
1731,1.1599648748816689
1732,5.565272679607637
1733,5.532343783725733
1734,0.7424545415086575
1735,2.5358271684971565
1736,7.109242571850889
1737,8.830881126455932
1738,2.0674266585529164
1739,7.9435528509421305
1740,9.745353268478254
1741,4.148683997697306
1742,8.366894076546522
1743,-0.2433508624071038
1744,6.865728834228911
1745,1.4684208614910024
1746,1.399944608330917
1747,7.863480192868587
1748,8.827241678615914
1749,1.92025230850133
1750,9.524614150822298
1751,4.096337796397863
1752,0.6074798896280851
1753,8.826678076112815
1754,9.637331375208062
1755,2.1720583208900344
1756,5.344382745534329
1757,7.593995164004696
1758,8.537494307102312
1759,6.746075882963566
1760,1.0849280880934724
1761,9.749386043035075
1762,7.864027336849286
1763,7.84194724330988
1764,0.02065802273195828
1765,0.2726390885531891
1766,8.354856656926186
1767,8.512713048145157
1768,2.3845347772463863
1769,9.064266259801096
1770,3.937992328791014
1771,1.9746916424269798
1772,6.832737015573245
1773,0.6184942030892836
1774,8.031740997572781
1775,8.770852285745063
1776,5.7759893110727925
1777,1.617203170541822
1778,6.428726240380114
1779,0.8064725800914625
1780,0.9449918794127131
1781,2.593842774360234
1782,2.1704625858300113
1783,6.736910472785927
1784,5.872956338687365
1785,-0.13443883923107655
1786,2.6157591583186464
1787,7.219708888936971
1788,0.6110769420007773
1789,9.458839996623643
1790,6.695766293225421
1791,8.753391831531237
1792,1.9648673515465453
1793,0.8263421548509211
1794,1.9726272632224104
1795,9.054029391103095
1796,1.0248591639450537
1797,2.3083145720489524
1798,1.3774541728036513
1799,2.771143648086357
1800,7.966287514803547
1801,8.243686454330417
1802,1.9726399987453787
1803,-0.23543714665055265
1804,8.10880562734601
1805,8.205749775865339
1806,8.136841200237571
1807,1.2510435557935762
1808,1.2256449612255085
1809,8.361216961550365
1810,1.2468102389139506
1811,1.4099472252111414
1812,1.9692535890306109
1813,8.737513174137181
1814,4.3899834807419715
1815,0.8417995148814507
1816,2.211590286257707
1817,1.3399101142312952
1818,7.64243254678772
1819,0.5802419608627641
1820,5.43477009620982
1821,8.029946550342338
1822,0.9430634952720816
1823,9.202057868839278
1824,5.677022270040975
1825,-0.21916558832538008
1826,2.3633118684519667
1827,0.7374574781865124
1828,4.086557468928727
1829,5.444599172629409
1830,7.889795445997297
1831,6.7886372005837385
1832,6.520055394616845
1833,7.210208320975512
1834,1.1158839042510014
1835,2.2072264672728568
1836,9.513923537573456
1837,1.6151794544612115
1838,1.0752379299499777
1839,0.20164793824249524
1840,2.1838654453971715
1841,9.77408338479774
1842,0.443086960682756
1843,7.19613703913059
1844,1.2391592890671588
1845,9.65839045109449
1846,1.4036597681704095
1847,1.369776030670033
1848,9.47039483177949
1849,5.704837408407411
1850,4.236419527163798
1851,0.16266131396649108
1852,9.476184815434939
1853,6.568709201557837
1854,3.4130291753239392
1855,9.141602863349549
1856,1.0044021522726074
1857,1.3969557693134314
1858,8.717062661666397
1859,0.8190927311987309
1860,8.384826624834421
1861,0.5405000290666129
1862,0.29069395107595114
1863,7.254087815942943
1864,2.021945289112152
1865,10.056936601184937
1866,0.27119325989574894
1867,1.6530888919635776
1868,6.66291810415808
1869,1.1514295869331503
1870,9.716821661444813
1871,3.0463738034156025
1872,7.156868239686696
1873,9.56258278110763
1874,5.092341951447778
1875,7.767860635504837
1876,1.1738150454398613
1877,2.2162102620753337
1878,9.791128742246269
1879,2.371849331350109
1880,5.793558529707694
1881,1.068816240780501
1882,7.27759713767442
1883,0.7659679976272474
1884,2.4973589326260046
1885,1.4190237608053002
1886,9.247134509567646
1887,0.4797859477670999
1888,0.5340638707172558
1889,7.32155930977331
1890,1.8024754250609323
1891,8.38889759240623
1892,0.5191441245569453
1893,9.020663323792533
1894,1.4629286288334296
1895,1.3612711641703712
1896,7.838347951293047
1897,8.200949794205256
1898,3.261228928619054
1899,7.773874999158927
1900,1.8228100557803693
1901,0.7610050083646684
1902,7.384924732382112
1903,8.997524036070539
1904,1.879838302282452
1905,1.2390271256101546
1906,6.236873052479909
1907,8.28377582859679
1908,1.7371263047864884
1909,9.746890210465299
1910,8.675663653685866
1911,7.046772849297084
1912,8.568559182199186
1913,4.089609733911155
1914,8.084354216770356
1915,7.942958170536073
1916,9.500110691117412
1917,3.278510078418623
1918,1.095152491392814
1919,2.2678624618656777
1920,4.5260140554051445
1921,1.1172095761843068
1922,0.7474263208596872
1923,1.7519433573946888
1924,3.459398470650724
1925,8.889344692758923
1926,6.612552394924743
1927,0.42378687470542103
1928,1.066068922391222
1929,9.48119077092048
1930,9.403980010576573
1931,0.9686572302380511
1932,7.468224477278984
1933,9.144434487885727
1934,1.8602769563756791
1935,9.135446824688948
1936,7.591049757707905
1937,10.130710397549684
1938,8.717645055980409
1939,0.6821400847195727
1940,2.366579767458448
1941,1.418683096990159
1942,1.7816490904107662
1943,2.0807000854379893
1944,7.2227759630350405
1945,0.9180345429667397
1946,8.913892994737818
1947,9.849955255598287
1948,3.0666973310946575
1949,2.417252228515005
1950,0.32993991615923035
1951,1.1475374850222324
1952,6.683835642158444
1953,3.191968672186538
1954,7.877357902932177
1955,9.234670797875962
1956,2.997236687366673
1957,3.5524139385650506
1958,1.1962337452418101
1959,0.2992177904807869
1960,8.16526525143518
1961,7.991709396230718
1962,8.789189810070418
1963,1.1377571432372322
1964,0.936122022403993
1965,1.6853420984471592
1966,8.697667805643238
1967,8.222933839754207
1968,8.531210584595213
1969,9.158939473356178
1970,8.311022001550167
1971,2.0083279109778513
1972,1.8820549714927963
1973,6.9011247012886985
1974,1.2997798431305987
1975,1.5967016152060827
1976,1.1407179725316907
1977,0.9296902696341329
1978,0.19720694191727073
1979,8.5542414016959
1980,8.891182840166566
1981,2.124199025661926
1982,1.0409128561677607
1983,2.1349613713595437
1984,7.89360157732969
1985,5.89433156506485
1986,4.036428954094631
1987,1.0736871177179539
1988,0.1075522402011595
1989,4.59512093751487
1990,1.836771532403126
1991,8.957311263065527
1992,2.3722220315325724
1993,0.8601132712922395
1994,1.1891069831877403
1995,7.574027333459402
1996,9.779374158625146
1997,7.54541780990474
1998,5.569177074781444
1999,2.037762389282268
2000,8.935820600098278
2001,1.8521902597063857
2002,2.016852944082077
2003,0.09382717865862376
2004,1.3822761386426456
2005,1.6080228368946385
2006,8.73373355459298
2007,0.41056292121716176
2008,1.573679674088812
2009,2.322562107875691
2010,1.271089535273327
2011,-0.05362664476079006
2012,8.64208131318124
2013,0.6565203869938687
2014,1.8159461125561032
2015,8.99254259389818
2016,3.912699050712757
2017,1.4875713761188336
2018,1.1741195940029407
2019,0.9801421201020927
2020,8.656803270227712
2021,0.521094664261203
2022,1.7553619210890188
2023,1.0840640931231915
2024,8.135965645348376
2025,2.8535778875783793
2026,9.096891790199805
2027,1.6554787543840859
2028,3.8797225520471974
2029,1.5366372309598726
2030,9.037222270146545
2031,1.5491389204211619
2032,1.1859229756137089
2033,4.386050329450272
2034,9.201335546061143
2035,7.83112870048901
2036,8.147636266007577
2037,0.0012766947254452647
2038,9.848501621259565
2039,5.464503979376498
2040,-0.048406647834049125
2041,2.040638738467
2042,3.8294851354045045
2043,5.561099328505355
2044,2.033539962361242
2045,8.398796492944879
2046,1.2892226825457902
2047,7.577820908876556
2048,2.017920453141888
2049,0.01582180927612982
2050,8.905164333761043
2051,0.9993645347163407
2052,7.367950675552364
2053,1.3511617688295896
2054,8.324391120737792
2055,0.724061150334216
2056,1.2429186770007445
2057,2.2616763260931987
2058,7.019383929212789
2059,1.616190982082229
2060,0.11122336251344486
2061,1.9506824717567313
2062,9.37078728148076
2063,4.169674421964665
2064,1.4363309289586297
2065,4.717459876245661
2066,9.133327182188003
2067,1.1602548386272395
2068,9.259703687130317
2069,9.172377893609006
2070,2.1166176100152234
2071,8.232811269608412
2072,1.199970706727891
2073,2.0010526810104583
2074,0.7306923715067183
2075,1.1759919488468713
2076,1.4409432825206347
2077,8.277711681054972
2078,9.484635774931625
2079,1.3114619189671302
2080,1.1347095507986888
2081,8.516215354781437
2082,1.1676844606843364
2083,8.809680373754817
2084,7.983519218927105
2085,2.0374790790476562
2086,8.67345928518933
2087,3.959565644242847
2088,0.15740353032811094
2089,1.7002778387677249
2090,8.811649547116096
2091,8.511790033616077
2092,1.4494648929030984
2093,7.561454229883102
2094,8.98244923857063
2095,2.290714218642276
2096,8.106208863335347
2097,1.5615405415621173
2098,3.636360214168369
2099,8.349685886509175
2100,8.923565794008459
2101,8.584529342736666
2102,4.917190791956085
2103,1.2559264226300038
2104,7.766591277157347
2105,1.7543813464487683
2106,1.650496895147905
2107,1.2064695750982704
2108,1.3051937169206618
2109,4.814737186090065
2110,2.500271990637561
2111,0.3672906739857354
2112,1.1305777885040096
2113,6.3244394811971825
2114,1.1879980839793651
2115,8.7938084595898
2116,1.2713408407052276
2117,1.41796237358529
2118,1.5521118448990723
2119,8.350024520509177
2120,9.652884615368322
2121,1.278460679443233
2122,10.039560649065683
2123,2.101909382314213
2124,0.2699810746071134
2125,9.794345454145855
2126,1.0519633239420088
2127,0.11175942562203074
2128,1.0746474822763266
2129,1.8277657597678914
2130,1.4179820060190003
2131,7.156009684521908
2132,9.338872621822606
2133,1.4625194405598692
2134,0.7213274482101991
2135,1.654245470413209
2136,3.639889226100303
2137,0.8325779926065631
2138,8.114182279008421
2139,1.055391527005972
2140,2.0434477594515337
2141,1.991141127902418
2142,8.599676210102146
2143,8.447813627927006
2144,5.130498514317903
2145,8.467385234172099
2146,1.202411377172404
2147,0.11250461855252186
2148,0.9370692308047219
2149,1.1949779643995804
2150,0.48535074832068914
2151,1.8229103451370983
2152,0.4589689502185912
2153,0.6108421446491998
2154,0.6803265420963335
2155,2.148994751543281
2156,0.5137070214237099
2157,7.712553843841968
2158,0.22651533917726335
2159,8.179781274508828
2160,2.360442411277064
2161,1.0111625722841586
2162,4.0342923131175805
2163,8.454303634660734
2164,7.051252847138966
2165,8.710219790494149
2166,1.3501585587861022
2167,7.949753399563966
2168,6.5842428925094305
2169,0.002224424062678476
2170,0.8723410984431961
2171,7.884018768188689
2172,1.3425345019274506
2173,1.312714814053714
2174,8.9117152807222
2175,0.8037021683557706
2176,8.275506419494002
2177,8.680345414367235
2178,4.338625899532349
2179,6.1458902803152595
2180,7.780473214222843
2181,9.780532800073463
2182,0.9940715123172729
2183,4.160496919748656
2184,8.349998411575804
2185,5.981787779599478
2186,1.4588304685803914
2187,4.953869678419701
2188,0.9476217105822818
2189,2.266025196970443
2190,8.434098793348438
2191,2.6169747468238542
2192,0.9112095474004648
2193,1.8575909326003635
2194,5.54365086263574
2195,5.253162078028466
2196,4.078136727727319
2197,6.361277161778827
2198,2.0625119198453326
2199,9.023882171446205
2200,6.016993376636586
2201,8.632668888409782
2202,1.948366420906554
2203,1.8669717445007927
2204,0.4331238525123549
2205,6.2164902137543105
2206,4.070169892876142
2207,3.465216809472829
2208,3.828157492164183
2209,8.724133122343819
2210,2.2549137219747983
2211,6.931919690595738
2212,8.948622616812436
2213,3.215279969103967
2214,1.5643585555465052
2215,8.79650954948515
2216,9.3456714937096
2217,8.912230935773312
2218,1.2782580350898114
2219,9.922486200553069
2220,7.1777426663862975
2221,7.533901451411333
2222,0.8674096476396183
2223,9.08940484591449
2224,1.5881666616251897
2225,1.3281191865231208
2226,3.607978443094075
2227,2.0008824284700784
2228,7.895844414280071
2229,7.599269711326304
2230,8.937307178491848
2231,1.2731251016542888
2232,9.779778178306836
2233,5.939989801125439
2234,8.714699598799397
2235,0.9174128904809257
2236,8.962807515458548
2237,6.372319570127488
2238,8.064432319051816
2239,0.9684841232321124
2240,7.361060235023617
2241,6.858834009765262
2242,7.214381606866962
2243,0.044355120503566436
2244,0.4282638947931465
2245,8.500284919610664
2246,7.328553446572827
2247,0.26456077446777715
2248,1.275061178203442
2249,8.729360558821481
2250,4.7582883805725595
2251,1.2702472134068195
2252,0.0718822734277948
2253,1.9012947258159512
2254,1.274342721566594
2255,0.993622506433911
2256,9.945260087009549
2257,7.032856464279143
2258,2.2779816829851343
2259,1.5436606718225203
2260,0.6936667341548893
2261,1.4853907055890212
2262,0.1471732878442688
2263,1.1299085156095263
2264,8.58389114166504
2265,7.997699742643949
2266,1.3192204656328483
2267,2.067628060691438
2268,8.344098121842128
2269,2.0007328340090362
2270,0.40045014233075715
2271,0.5183427738435858
2272,2.7518947295974163
2273,7.513268324042145
2274,6.573819662644976
2275,3.127873266450193
2276,2.3873128063539713
2277,0.5625203549249334
2278,1.8847875749414809
2279,3.8206794329368576
2280,9.828315528738715
2281,1.0857770067466612
2282,0.6535466851616586
2283,2.4656085397464107
2284,7.88425244687544
2285,9.285101587630075
2286,7.311921725805169
2287,1.225638911832952
2288,7.722467687208473
2289,9.716519501551309
2290,8.275744003910262
2291,1.8437193084229377
2292,8.666580797147216
2293,-0.05109623134598898
2294,6.768694652029525
2295,0.566886920423672
2296,1.30398601052838
2297,1.516277236110052
2298,1.2133810563807899
2299,1.9718804935295213
2300,0.7895845957713716
2301,1.0185640700821053
2302,6.740666224052614
2303,0.6064685686551983
2304,3.8413493420355516
2305,1.1747031951418374
2306,7.662923895128465
2307,9.74666905933055
2308,8.380989470916726
2309,-0.20846569310648055
2310,8.024605058724042
2311,7.930888572983068
2312,0.8986341681797517
2313,0.8365041667989817
2314,7.480829877719044
2315,8.101514169937948
2316,8.283429492266368
2317,7.110374230226033
2318,0.70540461411887
2319,9.481325732053104
2320,0.8295503190357681
2321,0.9006521196990842
2322,9.055657269554725
2323,1.4623142424331856
2324,1.1420800335513062
2325,6.785754494826149
2326,1.3488196514006876
2327,8.615043469532083
2328,1.530413327891035
2329,9.961931986334507
2330,0.8050142259011714
2331,7.9827743659772
2332,7.838842709843278
2333,8.661466907044408
2334,8.99386075077458
2335,0.04359130784267689
2336,1.4239860599490342
2337,1.6392569796312237
2338,2.260530207921833
2339,7.910864792793941
2340,7.636613156935912
2341,7.8705301080619705
2342,8.050654905911834
2343,5.828830615528766
2344,1.302538904337899
2345,9.437237302761178
2346,8.13821207673582
2347,7.5696986555991925
2348,1.9209980316887179
2349,1.7361351638698934
2350,1.3495827509624614
2351,0.17093301008922465
2352,0.8748980167848892
2353,7.127965568316512
2354,0.2342029770483236
2355,1.0539903633896897
2356,0.13737770185825296
2357,7.537269447211812
2358,9.03437450852973
2359,8.81829692047635
2360,9.942289684387188
2361,0.9979039488296005
2362,4.986681071348723
2363,7.967626857245451
2364,1.4900155255962724
2365,2.2685752713486615
2366,10.213915023966988
2367,0.8670526285281436
2368,9.04917353478373
2369,7.875309581105691
2370,7.946961150032848
2371,3.7236746489810266
2372,0.8875916587861777
2373,0.20328638282385134
2374,7.936488208748288
2375,1.120353505274098
2376,-0.050357199420352446
2377,8.925268866199337
2378,0.6123589861483743
2379,6.745383912153727
2380,8.565808082778565
2381,7.420997901770964
2382,1.583899188229058
2383,8.343548733649344
2384,0.9821669537151102
2385,0.4583789910428476
2386,3.546182314867402
2387,9.473070842786417
2388,1.772632035343333
2389,1.8139762610681396
2390,-0.2613272166869736
2391,7.044117139758563
2392,1.207496110702078
2393,1.270711545865755
2394,6.899391185445381
2395,1.88106315738404
2396,9.129823235712013
2397,5.653916274856867
2398,8.989093287256816
2399,1.772548844260528
2400,1.1647244847998892
2401,1.2707067620931876
2402,1.7452741964997236
2403,0.9678853768368584
2404,0.04336806434527413
2405,0.23182858846112755
2406,3.8272447444707383
2407,3.5714823801675424
2408,1.817146747731618
2409,9.113951668773952
2410,0.4814474813660492
2411,7.542600770155078
2412,1.9870918255776158
2413,1.744868890239405
2414,3.6509842543615916
2415,2.134933272912564
2416,0.35968748795984073
2417,5.450666275127492
2418,2.7673763889185654
2419,1.859056489698229
2420,7.955897908773904
2421,1.3395842357926173
2422,1.5125620389378247
2423,0.9155374617469032
2424,0.26773774836285186
2425,6.4894614816909515
2426,1.5405817548307543
2427,9.150140868228453
2428,2.009782094302246
2429,3.4522565475083113
2430,3.5142304316380897
2431,2.2517582636763755
2432,1.1946107680817382
2433,7.35917635283534
2434,1.26973977820067
2435,1.0784881420690133
2436,7.17185092433707
2437,3.6964531356172494
2438,2.5790053446202847
2439,9.590036515770263
2440,8.58151869828204
2441,1.931759357926698
2442,8.947322938784955
2443,0.8715374483652302
2444,9.164617845749252
2445,9.093238465377246
2446,1.3586329055926802
2447,0.5542745539796001
2448,3.6809035453984094
2449,0.8100208056173896
2450,8.842523614864083
2451,7.752006275302465
2452,1.836889236149052
2453,8.888799696264856
2454,8.791431637347157
2455,5.01526859871183
2456,4.42013395882146
2457,1.696841080051829
2458,4.212490004280721
2459,8.293322572076569
2460,7.670358500668615
2461,1.4379762852273277
2462,1.9279882183471586
2463,-0.1793159332704301
2464,7.200105999441098
2465,4.456110834149492
2466,1.6428204447113766
2467,9.667994390949906
2468,1.1169010684683887
2469,0.37055645608919496
2470,0.6260627969188076
2471,8.267844111072547
2472,8.443550831259307
2473,0.4692887039663014
2474,9.51468260348896
2475,7.9890011207247715
2476,8.28300791147104
2477,7.441451248349457
2478,7.691220684705842
2479,5.1358975965762
2480,8.83275258905746
2481,4.8507837704871895
2482,7.132015776797438
2483,8.753198532333553
2484,0.9313713675719945
2485,2.6959589265358552
2486,5.38967076902068
2487,0.4121308594786636
2488,0.8946414028400503
2489,6.24056443822341
2490,7.505278969161528
2491,1.441730892820953
2492,7.012505708828007
2493,8.16276866455309
2494,1.4532958187838307
2495,2.3798329540132643
2496,1.8109538745821925
2497,0.5188543768350619
2498,6.77352813917606
2499,8.401422522497807
2500,1.8929171709789698
2501,1.41578485384669
2502,1.4404948393327968
2503,8.77131283777587
2504,1.6044801511748745
2505,1.0498844539796315
2506,6.563713868036094
2507,0.9265197726095348
2508,0.772233215934696
2509,1.348971134501958
2510,8.513745285801141
2511,9.14150882235922
2512,0.025117624505650818
2513,8.942547141961207
2514,2.1472258256989374
2515,8.873128339592052
2516,9.309810610487744
2517,0.31172575728565366
2518,6.944345753446625
2519,4.168769115585911
2520,7.4570736964751685
2521,1.1363531548829764
2522,9.361763291417324
2523,3.563480680157603
2524,8.37963265399891
2525,7.992483515657091
2526,2.132411373883054
2527,9.322956197575916
2528,8.097366297935311
2529,7.95906770216162
2530,8.17809875070898
2531,0.8332009707326279
2532,0.8459779646785738
2533,1.1875387588383952
2534,8.974529098022353
2535,5.307827360563027
2536,8.984321768899429
2537,1.1986883573589717
2538,1.6002390716542574
2539,-0.28816782351129405
2540,1.0850368496100864
2541,3.7666758947778987
2542,0.20070294587924553
2543,9.719278322429995
2544,2.4140990397583235
2545,8.275235215307031
2546,0.08072431877304838
2547,2.012088412267417
2548,0.9618925657026947
2549,1.9045390912095328
2550,8.365646179791053
2551,0.8551283836271261
2552,9.08087856483677
2553,5.184567541048937
2554,1.4843082137924688
2555,5.256311019700449
2556,6.26028630296905
2557,0.15450633131037927
2558,1.9716321758151647
2559,0.48439545000495887
2560,6.465382725465865
2561,9.8142602192476
2562,0.9830244113312552
2563,7.7218619100916674
2564,0.23828555600586654
2565,9.158154794805256
2566,2.225982027482004
2567,1.5697628375694344
2568,1.10734439322178
2569,0.46718144680454143
2570,1.717564816331067
2571,1.2186836932749714
2572,1.7436802655502486
2573,9.118685703078482
2574,1.5399781187009645
2575,7.449732424220959
2576,9.218557027098825
2577,0.09226720166014439
2578,1.1763719854713965
2579,0.2654735355925646
2580,7.368569469540778
2581,0.6976950865087974
2582,2.9432188846626004
2583,7.713219174457565
2584,6.265163843028521
2585,8.341365229237326
2586,8.524904022871148
2587,4.521231617374609
2588,7.113591173063689
2589,9.361140454097434
2590,7.525345174855225
2591,5.105987833989603
2592,0.1416067823659486
2593,0.6113556498883487
2594,3.99649648419233
2595,7.47434254843236
2596,1.8599064817951363
2597,0.8787179683641763
2598,7.6852400779861885
2599,7.391528461429176
2600,0.6527722623343982
2601,1.0864409300047353
2602,0.5816786167956025
2603,7.300317309595652
2604,1.7767484299073522
2605,0.7031839925043076
2606,7.955988107145283
2607,0.3232929462613443
2608,3.3037591164292945
2609,7.558846471834382
2610,9.229243126352525
2611,0.977710261034407
2612,0.9054115276212493
2613,6.717875517755069
2614,7.8338047397796515
2615,8.249168867266247
2616,1.2549820262882088
2617,4.509319757523108
2618,3.527305260414837
2619,6.577905001130919
2620,0.22847075946645679
2621,4.92619702045395
2622,1.3534553278130432
2623,4.095715230987184
2624,1.672040833030198
2625,8.722210343416881
2626,8.310338552495905
2627,4.7861766856559385
2628,1.081819918165639
2629,8.367617348368885
2630,3.1231181755647235
2631,8.084992111335096
2632,1.4359902301097591
2633,1.4422589037094127
2634,9.523942759088094
2635,7.896395826361493
2636,7.340907647670843
2637,1.1322530717897286
2638,1.5847146812609907
2639,8.630385318150616
2640,4.630215749453953
2641,9.200962608996015
2642,6.380870799370777
2643,8.48172605500056
2644,4.433630430478607
2645,1.3146999130563464
2646,9.156770244432245
2647,0.7954385115864342
2648,4.048662540138902
2649,6.777594932012291
2650,0.9995695754878684
2651,1.4131867542611423
2652,1.0698146167886653
2653,8.792842432673694
2654,1.102749425911534
2655,1.7682297667624354
2656,8.152981935705231
2657,5.216659363266006
2658,1.1371763892341065
2659,6.239766527536461
2660,8.123584098622999
2661,3.4057491194296134
2662,7.249665361164117
2663,1.9750771561407274
2664,2.528490957663059
2665,-0.04053137655316382
2666,6.2189486688623346
2667,1.128832612432178
2668,9.202086651260503
2669,1.5840235444259125
2670,0.5086784624687006
2671,8.047489815470334
2672,8.506694028469242
2673,0.7455441801608209
2674,2.130686970305499
2675,0.8625116978454508
2676,9.241460786901776
2677,3.1227626279287333
2678,2.3232061029436206
2679,3.1021131786355087
2680,9.313290968831394
2681,0.9506628245975268
2682,5.304359198885901
2683,0.927547373167062
2684,4.00800701722857
2685,0.6615368441879641
2686,9.243980987687207
2687,1.1660913130651909
2688,0.2647386649212872
2689,9.870509107877552
2690,7.448934202660487
2691,0.5147051674169187
2692,8.294540484774071
2693,8.044492418372378
2694,8.442292882562445
2695,9.308773517013227
2696,8.224638664916117
2697,6.895551123020456
2698,8.873919963851707
2699,2.4513039419146376
2700,3.0806943004007796
2701,2.1783381053492827
2702,1.388565181547573
2703,1.9668097568197045
2704,8.663320968241004
2705,1.1247516118722753
2706,8.033525622320818
2707,2.4420751099392417
2708,6.528125201053439
2709,7.1033209464628335
2710,0.8927186014884525
2711,1.417934279164448
2712,6.586282037175159
2713,1.677405820402738
2714,2.4751265611028384
2715,1.3292965981652118
2716,8.804549397486758
2717,1.1034905524878271
2718,9.226732478249994
2719,1.6000511208343835
2720,2.0306009110696213
2721,0.28161670683965256
2722,1.3487419446320252
2723,6.189811687487812
2724,0.5525957145215443
2725,8.647071988888769
2726,3.6414442408945344
2727,6.792153563569804
2728,1.3128921488173304
2729,0.7327217686749006
2730,1.2967635753942324
2731,7.646066444721898
2732,0.1190780487303014
2733,0.8547174601794596
2734,0.3946911806681622
2735,1.932734525511039
2736,1.8195944256951893
2737,1.1785065952169365
2738,1.198748086763963
2739,6.917760953724837
2740,0.8463526361333756
2741,1.1516480176666428
2742,1.9560075852151126
2743,0.3043985567791343
2744,0.5816816692383395
2745,4.34654732790523
2746,9.836878437512883
2747,0.35299844337531305
2748,2.0083433903486587
2749,6.966395870921117
2750,7.461615211960078
2751,4.285294715852668
2752,1.9770986379158277
2753,8.438768538112184
2754,1.1597712677213368
2755,5.429308573199791
2756,2.0525387865947433
2757,0.8644705699262036
2758,1.3470745125271404
2759,3.7422496969142847
2760,8.925885177116406
2761,0.8002982565397028
2762,1.7109784808647721
2763,2.0858007309667066
2764,1.2884322190195245
2765,5.713068616256997
2766,1.3044922820179932
2767,3.7001025295271703
2768,0.13604694554513874
2769,1.991863526185955
2770,6.380053090521469
2771,0.9603592476710227
2772,2.0515676139068106
2773,5.651803329972445
2774,1.120063742194307
2775,3.6110225552733106
2776,4.997430132529587
2777,1.0533852318208865
2778,8.18319864551579
2779,9.727058873886454
2780,2.135744666155428
2781,0.3787671678837172
2782,9.854922354983971
2783,1.5342998432615813
2784,9.283909417761356
2785,8.762035923174576
2786,-0.08830152119771184
2787,8.998255958914807
2788,8.579129106035943
2789,0.9459016271444844
2790,8.642421030183762
2791,1.1866182848432956
2792,3.1510747383173716
2793,1.3120619002164204
2794,0.6584779089780591
2795,0.8966774550291412
2796,8.002416319165697
2797,0.7252161809007449
2798,8.957398308869855
2799,7.372854561009068
2800,2.0531919102845086
2801,7.480790001624408
2802,8.504941205009732
2803,0.8858079574732498
2804,8.040700362034173
2805,7.468483804490479
2806,8.67202993393941
2807,1.9732697911046733
2808,0.10622950598308298
2809,0.2586878921334071
2810,0.9297760729082248
2811,0.6734222412368958
2812,1.6172189285262093
2813,7.830168388772352
2814,0.13505372856347964
2815,-0.2172813853256454
2816,6.453460559541743
2817,4.969259691796808
2818,1.7209621614672956
2819,8.347667582828171
2820,1.572296405665473
2821,0.48780406346460803
2822,1.1938614221863961
2823,7.641542068201947
2824,1.0786891180295852
2825,1.976742196408448
2826,8.769520081031873
2827,0.9654285461882509
2828,8.503500830110085
2829,1.5792995981159466
2830,8.824966021362817
2831,5.614576376799094
2832,7.054305329390132
2833,1.4191327085065457
2834,7.131636010667222
2835,0.9695450597378951
2836,6.001089732478032
2837,6.4433650948809165
2838,1.701687394038701
2839,8.36566904708509
2840,1.3922141523799194
2841,1.0248122612440624
2842,8.745212730169005
2843,1.472824970316763
2844,8.566053877483904
2845,7.375411098035477
2846,8.693586866227632
2847,1.3362533721654628
2848,9.415318459448374
2849,7.650189410964444
2850,1.0384385169304629
2851,3.607061086563187
2852,1.3334572967644247
2853,0.26861472122963675
2854,1.202893952851959
2855,5.590886476001691
2856,1.1512024089960695
2857,8.234272682332401
2858,4.029698565749358
2859,8.846326922617727
2860,1.0734198968498627
2861,6.5474496065291925
2862,0.8666272848434513
2863,9.477101957992266
2864,8.975637383770867
2865,0.995519623357342
2866,9.547269183837557
2867,9.516361703985112
2868,0.7162386699602837
2869,2.8752137493893195
2870,9.470589946677205
2871,5.487462497268608
2872,2.935416881460077
2873,0.15697936427958994
2874,8.604425606100687
2875,1.6987749672051424
2876,9.047745561086362
2877,8.453845413803784
2878,4.135889601256178
2879,1.8501207081862816
2880,1.024778999178322
2881,8.848757387004888
2882,1.0490639756146984
2883,7.587890818592429
2884,1.0285974765358206
2885,8.760348362740316
2886,6.339326314109596
2887,1.2605075836908677
2888,1.2884208023193464
2889,8.130547431638698
2890,7.800234863682145
2891,2.1482871196684776
2892,0.028596868248301863
2893,1.3472412533046674
2894,1.0597096256342073
2895,0.2087173546265197
2896,1.1727066658870995
2897,0.013240146526852445
2898,0.7094860532709308
2899,1.9900487280375818
2900,7.637588346976208
2901,0.5275760019726229
2902,2.797857222258447
2903,9.90539758455373
2904,9.165047972284187
2905,9.513981450275454
2906,0.865964065368948
2907,8.651466187695306
2908,3.7818293885048173
2909,1.2984055743008653
2910,5.587035917039865
2911,8.734375989090568
2912,1.6118087325966304
2913,0.6819691880270861
2914,1.2500975667545584
2915,7.59822856793604
2916,8.524102599493123
2917,-0.03409564780146747
2918,9.801208217673018
2919,0.7628519839990912
2920,2.4128813037429113
2921,2.03455437700938
2922,6.466396001949183
2923,4.9561199602090165
2924,3.943639199078742
2925,0.5622298597512491
2926,8.81967142783134
2927,7.01347985306724
2928,3.2724238724056924
2929,7.126569736420617
2930,1.1896214590227594
2931,0.7839838973695772
2932,7.073667725789127
2933,8.883517698492406
2934,0.3262878269877196
2935,3.534626525195114
2936,1.9621464851605366
2937,0.7674914089503675
2938,1.4523223011782265
2939,-0.02179445957836034
2940,1.4501194298788687
2941,1.290202703224233
2942,1.1394648072119937
2943,7.850863698062377
2944,6.935040183312926
2945,4.485408460392408
2946,0.8421758050028101
2947,0.21273792439474792
2948,6.4323638730492405
2949,0.9137976713215384
2950,8.340595844560342
2951,1.1006825588704414
2952,1.4095359531912826
2953,4.733550672926865
2954,8.708285899643183
2955,8.057850289236875
2956,7.756430970436749
2957,8.621565003458054
2958,8.117609620304089
2959,1.4955853164248998
2960,2.370265106410007
2961,8.410347014388348
2962,1.0644785096883869
2963,4.064991305420335
2964,1.0093014295639904
2965,8.863785606740247
2966,7.785595073155668
2967,1.3951130624302188
2968,4.160267349656882
2969,7.453487312012703
2970,5.347776375209333
2971,7.1467423301237085
2972,0.5578724393391307
2973,2.1189461151947424
2974,9.493537721423692
2975,1.1153154078932737
2976,4.233609707375656
2977,6.852093502678482
2978,5.587084450908949
2979,4.233664581154718
2980,8.135151884035993
2981,1.2763533333828034
2982,0.6256848108034616
2983,8.175753223216256
2984,0.9629319472779215
2985,1.8453341063145785
2986,1.2791269368815004
2987,2.085378071134069
2988,4.229866229808248
2989,1.5180086592685247
2990,3.9797619441189553
2991,1.119340626207367
2992,0.7329788584137689
2993,1.371908729964797
2994,7.0256363089364395
2995,8.127194027579701
2996,1.3937366253496464
2997,2.11165897420403
2998,4.3505312690918085
2999,7.550058623792089
3000,6.338424645526975
3001,7.430765563847612
3002,-0.09634596327492037
3003,1.5207747733780799
3004,1.35632363829906
3005,1.133982623607609
3006,8.622377908070364
3007,7.663046368168751
3008,2.016567696205156
3009,7.455427147948718
3010,8.779580394586578
3011,3.755668325456366
3012,2.0383569187231037
3013,1.2966321785331674
3014,1.3852989618717992
3015,1.1130053436176799
3016,1.099636892901872
3017,1.7297936476935167
3018,1.3525083639205162
3019,2.2398233883602967
3020,1.2036938588940058
3021,8.971738435154874
3022,0.799393475978517
3023,1.7317931779601912
3024,8.024229953764765
3025,1.2446504860688987
3026,7.369136605268452
3027,8.994380033521749
3028,1.0525292971289273
3029,0.8355591767942248
3030,9.14251291585546
3031,9.36283464107891
3032,1.321328032399965
3033,8.726806563196824
3034,1.4166266086598223
3035,1.974951971895591
3036,8.280651384180638
3037,0.9735031811183985
3038,9.509656767008922
3039,7.616472586823595
3040,9.835689941189433
3041,1.0659831530237196
3042,4.309264861457478
3043,9.514319168130731
3044,7.9280278601673615
3045,8.146498520335191
3046,9.169458670592503
3047,0.9696879948190615
3048,1.3467212151475016
3049,1.171106799388793
3050,7.319335276305723
3051,2.0042666825164295
3052,5.392701500026069
3053,1.5597377856906327
3054,7.8955503178760305
3055,4.243004775611449
3056,1.5200736427540367
3057,1.6147386756008688
3058,8.987413637562016
3059,1.3802671435485974
3060,8.489675543579871
3061,1.9622427706675887
3062,2.5146288396972003
3063,1.7469945063617955
3064,7.842543684146325
3065,8.670634037082204
3066,0.8362503664332979
3067,2.2332676342957916
3068,0.4754828265784751
3069,9.267363165413373
3070,1.370732035199817
3071,0.9528513394737496
3072,6.321115923116076
3073,1.3901373468277467
3074,0.5255843459505234
3075,3.3573125519951867
3076,0.7424888484975184
3077,8.327347764997306
3078,9.376769149540962
3079,6.31877820157652
3080,4.160687008279063
3081,0.1290367996294779
3082,2.632432384166948
3083,1.2856759090479073
3084,8.137500146930392
3085,1.2909335495533845
3086,6.602013448881543
3087,0.5030629053460011
3088,2.0010133355296755
3089,6.560141795819965
3090,1.3569408409254191
3091,7.890583700957632
3092,7.513894540116218
3093,9.727355675836627
3094,6.152196635723805
3095,2.319681848468001
3096,1.5676624182225605
3097,7.81233830583713
3098,1.4446036701739036
3099,5.879465527713238
3100,0.4322659605023157
3101,1.0704761971340573
3102,9.55246909686669
3103,8.387318477909535
3104,7.34753724955321
3105,8.816912267112855
3106,1.1449128557178632
3107,1.7724507582886146
3108,0.8082440443355355
3109,2.390565805355389
3110,6.637146365225153
3111,9.837862501796673
3112,2.662477209640681
3113,0.40686729139371397
3114,5.698626190100906
3115,1.8862674896102687
3116,4.259890555515535
3117,4.309805708082789
3118,-0.002257072581331142
3119,8.40837898922816
3120,0.10746236730964097
3121,1.0298075373940476
3122,0.1900445408700651
3123,3.2814860352896007
3124,2.531865703504915
3125,2.2624245808914694
3126,1.2669452745235417
3127,1.9715111756669548
3128,1.3579000662417646
3129,8.070314329954728
3130,1.0880708799606051
3131,1.1366622307311656
3132,1.2050520186539195
3133,0.3359631032656615
3134,1.761098091608428
3135,8.036662960867043
3136,0.4241811280509583
3137,10.28389916926134
3138,9.595832958361408
3139,10.09348935132339
3140,1.8878998907406892
3141,7.950707775156479
3142,6.670700780847865
3143,1.2401464355381588
3144,8.552804457557812
3145,6.236263986657268
3146,8.966740532228659
3147,5.439392334235322
3148,2.2506561710710535
3149,8.651921286280645
3150,1.2039387067290808
3151,0.2305824519559473
3152,9.40104600787695
3153,0.2140681958085393
3154,1.55673597001879
3155,4.044960153185659
3156,1.8175703580106939
3157,3.927699767782583
3158,9.240185083326562
3159,8.78708948717956
3160,7.112221735327268
3161,7.202038492613022
3162,1.932587469279511
3163,1.9950786126474358
3164,9.20376885288943
3165,2.1421575958683676
3166,1.8343053615949425
3167,3.5707452423407062
3168,0.28113331007077996
3169,0.7347184947952554
3170,8.735636661048563
3171,9.11533237390656
3172,0.949889689089045
3173,8.818667000185721
3174,1.2842679979597387
3175,-0.05538078316888671
3176,1.3237593597197936
3177,1.0963077039731843
3178,6.309939766269276
3179,9.769834265173166
3180,8.370872978547194
3181,2.282439613037152
3182,2.3457300184587293
3183,1.7364261724079255
3184,2.643746301946869
3185,1.9421752470292424
3186,1.6481407770526757
3187,9.26812260038912
3188,1.8426605497319761
3189,1.9669428880621642
3190,2.287668932056672
3191,9.158912668657255
3192,1.57356181259187
3193,9.287666835877221
3194,8.508753795634144
3195,4.166887304300777
3196,2.038082675949261
3197,2.08985927350321
3198,8.47764339672383
3199,2.209234342140264
3200,6.199743329790985
3201,9.919777876463773
3202,1.238520116476721
3203,0.9523506897329072
3204,3.9249863935319493
3205,1.7703304094002825
3206,-0.00917720038519294
3207,1.7873378068963168
3208,9.293770614939207
3209,8.78069675018887
3210,9.042823697566538
3211,4.432770813037071
3212,9.65921726827329
3213,0.18820204919591518
3214,6.057722624481888
3215,5.636595998333188
3216,2.328465030506093
3217,9.348893889276637
3218,6.267215234786078
3219,8.46136555276161
3220,1.3504017207749572
3221,6.363404999516562
3222,8.305128499139595
3223,6.718525833004011
3224,1.0323735684870072
3225,7.018527884662362
3226,8.951846917257601
3227,1.1056754902196548
3228,9.280963596252015
3229,7.290308446944244
3230,1.5186527506062741
3231,5.01172192859279
3232,9.648366112774482
3233,1.016753797543503
3234,9.846509835900147
3235,0.7057927350547374
3236,1.9125720091929226
3237,1.367332630830312
3238,7.610969005239827
3239,2.432775350090371
3240,0.6446587657683688
